{
  "clean_tokens": [
    10,
    6,
    10,
    14,
    0,
    0,
    19,
    15,
    4,
    13,
    3,
    7,
    6,
    19,
    13,
    3,
    6,
    12,
    7,
    11,
    0,
    17,
    0,
    14,
    8,
    0,
    18,
    8,
    6,
    19,
    2,
    10,
    12,
    13,
    3,
    6,
    12,
    7,
    11,
    0,
    17,
    0,
    14,
    8,
    0,
    18,
    8,
    18,
    3,
    14
  ],
  "corrupted_tokens": [
    10,
    6,
    10,
    14,
    0,
    0,
    19,
    15,
    4,
    13,
    3,
    7,
    6,
    19,
    14,
    14,
    14,
    14,
    14,
    14,
    14,
    14,
    14,
    14,
    14,
    14,
    14,
    14,
    6,
    19,
    2,
    10,
    12,
    13,
    3,
    6,
    12,
    7,
    11,
    0,
    17,
    0,
    14,
    8,
    0,
    18,
    8,
    18,
    3,
    14
  ],
  "s1": 14,
  "s2": 33,
  "plen": 14,
  "target_token": 13,
  "tests": {
    "A. L0, ALL 1st-occ positions (14 positions)": {
      "clean_logit": 0.03568724915385246,
      "corrupted_logit": 0.029348621144890785,
      "patched_logit": 0.030543940141797066,
      "total_effect": 0.0063386280089616776,
      "recovered": 0.0011953189969062805,
      "recovery_pct": 18.857692788034175,
      "description": "Induction-relevant: restore full clean first occurrence at L0 input to L1"
    },
    "B. L0, single P15 (1st occ+1)": {
      "clean_logit": 0.03568724915385246,
      "corrupted_logit": 0.029348621144890785,
      "patched_logit": 0.02950207330286503,
      "total_effect": 0.0063386280089616776,
      "recovered": 0.00015345215797424316,
      "recovery_pct": 2.42090493017242,
      "description": "Partial: restore one position at L0 input to L1"
    },
    "C. L0, ALL 2nd-occ positions (14 positions)": {
      "clean_logit": 0.03568724915385246,
      "corrupted_logit": 0.029348621144890785,
      "patched_logit": 0.02934735082089901,
      "total_effect": 0.0063386280089616776,
      "recovered": -1.2703239917755127e-06,
      "recovery_pct": -0.020040992940104762,
      "description": "Wrong location: restore second occurrence at L0 (irrelevant to prediction at P49)"
    },
    "D. L0, positions 48-49 (end of sequence)": {
      "clean_logit": 0.03568724915385246,
      "corrupted_logit": 0.029348621144890785,
      "patched_logit": 0.029217176139354706,
      "total_effect": 0.0063386280089616776,
      "recovered": -0.0001314450055360794,
      "recovery_pct": -2.073713828138201,
      "description": "Wrong location: restore tokens far from any pattern"
    },
    "E. L1, ALL 1st-occ positions": {
      "clean_logit": 0.03568724915385246,
      "corrupted_logit": 0.029348621144890785,
      "patched_logit": 0.029348621144890785,
      "total_effect": 0.0063386280089616776,
      "recovered": 0.0,
      "recovery_pct": 0.0,
      "description": "No recomputation: patch after last layer, no attention reruns"
    },
    "F. L1, single P14 (1st occ)": {
      "clean_logit": 0.03568724915385246,
      "corrupted_logit": 0.029348621144890785,
      "patched_logit": 0.029348621144890785,
      "total_effect": 0.0063386280089616776,
      "recovered": 0.0,
      "recovery_pct": 0.0,
      "description": "No recomputation: patch after last layer"
    }
  }
}