{
  "d512_k64": {
    "mse": 0.017088600900024176,
    "l0": 63.997310638427734,
    "n_dead": 228,
    "d_dict": 512,
    "k": 64
  },
  "d512_k96": {
    "mse": 0.005544589506462217,
    "l0": 95.98845672607422,
    "n_dead": 179,
    "d_dict": 512,
    "k": 96
  },
  "d256_k32": {
    "mse": 0.1148668048903346,
    "l0": 32.0,
    "n_dead": 61,
    "d_dict": 256,
    "k": 32
  },
  "d256_k64": {
    "mse": 0.020746525283902882,
    "l0": 63.9924201965332,
    "n_dead": 39,
    "d_dict": 256,
    "k": 64
  },
  "d128_k32": {
    "mse": 0.22067329548299314,
    "l0": 32.0,
    "n_dead": 5,
    "d_dict": 128,
    "k": 32
  },
  "d128_k64": {
    "mse": 0.060393475089222194,
    "l0": 63.99930953979492,
    "n_dead": 0,
    "d_dict": 128,
    "k": 64
  }
}